Name,Gov,Position,Party,Political Spectrum,Notes,Employment History Highlights,Media [+],Media [-],Integrity Scrutiny & Verified Incidents,Media Veracity Interrogation,Risk Assessment (Corruption/Conflict),Funding Information,Funding Transparency,Funding Risk,Voting History Link,Active Since,Term End / Re-election,Postal Address
Ralph Babet,Federal,Senator,UAP,Right,Real estate background.,Real Estate; Business.,Vocal opponent of digital ID and government overreach.,Censured for using racial and homophobic slurs online.,Censured for racial/homophobic slurs (2024); Nazi salute photo; 2014 criminal damage/2015 assault charges. 1,"Babet frames criticism as ""anti-free speech."" Media coverage verified via Hansard and court records.",High Risk: Behavioral instability; promotion of extremist conspiracy theories.,Primary funding from Clive Palmer/Mineralogy ($117m in 2022).,Murky (UAP internal funding).,High: Interests of a single billionaire donor.,(https://theyvoteforyou.org.au/people/senate/victoria/ralph_babet),"July 1, 2022","June 30, 2028","4 Treasury Place, Melbourne VIC 3002"
Bridget McKenzie,Federal,Senator,National,Right,Leader of the Nationals in the Senate.,Education; Research; Ag Minister.,Strong advocate for regional investment and agriculture.,"Heavily criticized during the ""Sports Rorts"" grants scandal.","""Sports Rorts"" scandal (2020); Resigned after failing to disclose shooting club membership in grant process. 5",Highly reliable reportage from ANAO; Government attempts to bury Gaetjens report were exposed by investigative press.,High Risk: Systemic pork-barrelling; misuse of ministerial discretion for partisan gain.,National Party donor receipts; regional industry support.,Standard (AEC Registered).,High: Systemic pork-barrelling history.,(https://theyvoteforyou.org.au/people/senate/victoria/bridget_mckenzie),"July 1, 2011","June 30, 2028","4 Treasury Place, Melbourne VIC 3002"
Sarah Henderson,Federal,Senator,Liberal,Right,Former journalist; Shadow Minister for Education.,Journalist (ABC); Law; MP.,Fierce advocate for regional infrastructure and road safety.,"Involved in controversy over ""partisan"" criticism of the ABC.","Linked to ""Sports Rorts"" via club patronage; accused of partisan attacks on ABC independence. 1","Sources from ABC and Guardian are detailed; Henderson counters with ""regional infrastructure"" focus narratives.",Moderate Risk: Institutional undermining of public broadcasting; partisan grant alignment.,Liberal Party Victoria donor base; linked to Sports Rorts clubs. 5,Standard (AEC Registered).,Moderate: Partisan grant alignment.,(https://theyvoteforyou.org.au/people/senate/victoria/sarah_henderson),"Sept 8, 2019","June 30, 2028","4 Treasury Place, Melbourne VIC 3002"
James Paterson,Federal,Senator,Liberal,Right,Shadow Minister for Defence; security expert.,"Deputy Director, IPA.",Leader in blocking foreign interference and cyber-threats.,Criticized for prioritizing international security over local economy.,Plagiarism complaint (IPA report); ideologically driven defense policy. 9,"IPA links are well-documented; ""cosplaying"" in uniform was criticized by veteran groups.",Moderate Risk: Regulatory/ideological capture by donor-funded think-tanks.,Funded via Liberal Party; deep ties to IPA donors. 9,Standard (AEC Registered).,Moderate: Ideological capture by think-tanks.,(https://theyvoteforyou.org.au/people/senate/victoria/james_paterson),"March 9, 2016","June 30, 2031","4 Treasury Place, Melbourne VIC 3002"
Jane Hume,Federal,Senator,Liberal,Right,Shadow Finance Minister; economics expert.,Banking; Superannuation.,Key architect of superannuation and banking reforms.,Criticized for opposing popular cost-of-living relief measures.,Accused of favoring banking interests over consumers in CSLR policy; opposed cost-of-living relief. 11,"Financial Press (AFR) reportage is robust; Hume maintains a ""market efficiency"" defense.",Moderate Risk: Undue influence from financial sector; conflict with consumer protection.,Liberal Party; banking and financial sector donations. 11,Standard (AEC Registered).,Moderate: Influence from financial institutions.,(https://theyvoteforyou.org.au/people/senate/victoria/jane_hume),"July 1, 2016","June 30, 2031","4 Treasury Place, Melbourne VIC 3002"
Sarah Witty,Federal,MP for Melbourne,Labor,Left,Succeeded Adam Bandt in 2025; former NGO CEO.,"CEO, Homes for Homes; NGO leadership.",Raised $110m+ for social housing via 'Homes for Homes'.,Her 2025 win was polarizing for long-term Greens voters.,Scrutiny over investment property portfolio vs. housing advocacy; 2025 win polarizing for Greens. 15,"The Guardian focused on electoral math; Reddit/Social Media focused on ""hypocrisy"" narrative.",Low/Moderate Risk: Policy hypocrisy; factional capture by Labor Left.,Grassroots funded; local Melbourne/Richmond raffles. 18,High (Local community focused).,Low: Policy hypocrisy vs personal portfolio.,(https://theyvoteforyou.org.au/people/representatives/melbourne/sarah_witty),"May 3, 2025",~Sept 2028 (standard),"142 Johnston St, Fitzroy VIC 3065"
Raff Ciccone,Federal,Senator,Labor,Left,Focuses on manufacturing and trade.,Party Operative; Union staffer.,Secured federal funding for Victorian tech/manufacturing hubs.,"Viewed as a ""party operative"" with lower public visibility.","Viewed as ""low visibility"" party operative; focused on manufacturing Hubs. 1",Generally low media profile; veracity is high where reported in manufacturing trade news.,Low Risk: Factional nepotism within Labor caucus.,ALP factional funding; manufacturing trade unions.,Standard (AEC Registered).,Low: Industrial sector regulatory bias.,(https://theyvoteforyou.org.au/people/senate/victoria/raff_ciccone),"March 6, 2019","June 30, 2031","4 Treasury Place, Melbourne VIC 3002"
Jess Walsh,Federal,Senator,Labor,Left,Former trade union official.,Trade Union Official (United Voice).,Consistent advocate for secure work and gender pay equity.,Criticized for being too closely aligned with union bureaucracy.,Closely aligned with union bureaucracy; advocate for pay equity. 1,Media focus on industrial relations ties; veracity confirmed by union history.,Moderate Risk: Regulatory bias toward union-affiliated sectors.,ALP; United Workers Union donor support.,Standard (AEC Registered).,Moderate: Trade union regulatory bias.,(https://theyvoteforyou.org.au/people/senate/victoria/jess_walsh),"July 1, 2019","June 30, 2025 (Wait)","4 Treasury Place, Melbourne VIC 3002"
Jana Stewart,Federal,Senator,Labor,Left,Mutti Mutti/Wamba Wamba woman.,Social Policy; Youth Advocate.,Strong voice for Indigenous representation and youth policy.,Criticized for limited legislative output outside social policy.,Criticized for limited legislative output outside social policy. 1,Positive social advocacy coverage; some critique of effectiveness in major economic debate.,Low Risk: Factional constraints on independent advocacy.,ALP funding; social sector donor interests. 35,Standard (AEC Registered).,Low: Factional policy constraints.,(https://theyvoteforyou.org.au/people/senate/victoria/jana_stewart),"May 21, 2022","June 30, 2028","4 Treasury Place, Melbourne VIC 3002"
Michelle Ananda-Rajah,Federal,Senator,Labor,Left,Infectious disease expert; former MP for Higgins.,Physician; Infectious Disease Expert.,Provides high-level medical expertise to health policy.,Lost her House seat in 2025 before being moved to Senate.,Factional move to Senate after losing House seat; brings medical expertise. 1,High veracity in medical commentary; careerism scrutinized by local Melbourne press.,"Low Risk: Technical expertise focus; ""revolving door"" careerism.",ALP Victoria funding; medical/research donor base. 35,Standard (AEC Registered).,Low: Revolving door careerism risk.,(https://theyvoteforyou.org.au/people/senate/victoria/michelle_ananda-rajah),July 2025,"June 30, 2031","4 Treasury Place, Melbourne VIC 3002"
Lisa Darmanin,Federal,Senator,Labor,Left,Social services advocate.,Local Govt; Union Official (ASU).,Deep experience in local government and community health.,Appointed via casual vacancy; not yet tested at an election.,Casual vacancy appointee; untested electorally. 1,Low media visibility; ASC/Social service links are documented.,Moderate Risk: Union-driven social policy bias.,ALP; ASU (Union) industrial funding base.,Standard (AEC Registered).,Moderate: Union-driven social policy bias.,(https://theyvoteforyou.org.au/people/senate/victoria/lisa_darmanin),"June 24, 2024","June 30, 2028","4 Treasury Place, Melbourne VIC 3002"
Lidia Thorpe,Federal,Senator,Ind.,Left,"""Blak Sovereignty"" leader.",Activist; Victorian MP.,Successfully pushed Treaty and sovereignty to national debate.,Formally censured by Senate for disruptive public behavior.,Censured for King Charles protest (2024); disrupted sovereign ceremonies. 3,"Global headlines; critics call it ""stunts,"" supporters call it ""truth-telling."" 36",Moderate Risk: Institutional disruption; lack of legislative compromise.,Indigenous sovereignty networks; small donors.,Standard (AEC Registered).,Low: Institutional disruption risk.,(https://theyvoteforyou.org.au/people/senate/victoria/lidia_thorpe),"Sept 4, 2020","June 30, 2028","4 Treasury Place, Melbourne VIC 3002"
Steph Hodgins-May,Federal,Senator,Greens,Left,Environmental lawyer.,Environmental Lawyer.,Championed successful Great Barrier Reef protections.,Criticized for lack of focus on pragmatic economic policy.,Focused on Barrier Reef; criticized for lack of economic pragmatism. 1,High veracity in environmental advocacy; economic critique is partisan.,Low Risk: Ideological advocacy vs. pragmatism.,Australian Greens; small grassroots/Climate 200. 37,High (Capped donations).,Low: Ideological policy paralysis.,(https://theyvoteforyou.org.au/people/senate/victoria/steph_hodgins-may),June 2024,"June 30, 2031","4 Treasury Place, Melbourne VIC 3002"
Roshena Campbell,Local,Deputy Lord Mayor,Lib.,Right,Commercial barrister.,Commercial Barrister.,Strong advocate for CBD safety and police presence.,Criticized for prioritizing corporate over resident interests.,Conflict of interest declared regarding Team Reece developer donations; corporate interest focus. 1,Local news (CBD News) provides granular detail on voting recusals; generally high veracity.,Moderate Risk: Undue influence from property development donors.,"""Team Reece"" machine; developer and legal donors.",Declared (Registry declared).,Moderate: Property developer influence.,(https://www.melbourne.vic.gov.au/meetings-search),"Oct 26, 2024",Oct 2028 (Fixed),"GPO Box 1603, Melbourne VIC 3001"
Gladys Liu,Local,Councillor,Lib.,Right,Former Federal MP.,Former Federal MP; Business.,Deeply connected to multicultural small businesses.,Scrutiny over previous links to foreign influence groups.,Scrutiny over links to foreign influence (UFWD); federal loss in 2022 followed interference claims. 26,"Complex veracity; mixture of verified UFWD links and unverified ""scare campaigns."" 43",High Risk: Foreign interference (CCP/United Front networks).,Team Kouta ($40k+); historic United Front links.,Low (Foreign influence concerns).,High: Foreign interference conduit risk.,(https://www.melbourne.vic.gov.au/meetings-search),"Oct 26, 2024",Oct 2028 (Fixed),"GPO Box 1603, Melbourne VIC 3001"
Owen Guest,Local,Councillor,Lib.,Right,Small business owner.,Small Business Owner.,Campaigned for lower council rates for small businesses.,Voted against environmental initiatives deemed too costly.,Votes against environment initiatives on cost grounds; pro-business bias. 1,Council minutes confirm voting patterns; consistent pro-business record.,Low/Moderate Risk: Commercial capture in municipal planning.,Supported by VIC Liberal branch ($150k-$200k).,Standard (Party declared).,Moderate: Commercial capture in planning.,(https://www.melbourne.vic.gov.au/meetings-search),"Oct 26, 2024",Oct 2028 (Fixed),"GPO Box 1603, Melbourne VIC 3001"
Davydd Griffiths,Local,Councillor,Labor,Left,Higher education background.,Higher Education.,Lobbied for expanded green space in high-density areas.,Perceived as strictly following the Labor party line.,Perceived as strictly following Labor party line. 1,Council minutes show consistent party-line voting.,Low Risk: Partisan rigidity in local government.,Labor for Melbourne ticket; union/education donors.,Standard (VEC Registered).,Low: Party-line municipal voting.,(https://www.melbourne.vic.gov.au/meetings-search),"Oct 26, 2024",Oct 2028 (Fixed),"GPO Box 1603, Melbourne VIC 3001"
Nicholas Reece,Local,Lord Mayor,Ind.,Left,Former journalist.,Journalist; Policy Advisor.,Spearheaded the $300m 'Greenline' riverfront project.,Controversy over taking developer donations he pledged to reject.,Acceptance of developer donations despite pledges; numerous conflict of interest recusals. 23,High scrutiny from local press (CBD News) and metropolitan dailies regarding Regent Theatre sale.,High Risk: Undue influence from property developer donations.,"""Team Reece"" (~$1m); SIG Group, ETU, Marriner Group.",Declared (Registry declared).,High: Undue influence in urban planning.,(https://www.melbourne.vic.gov.au/meetings-search),"Oct 26, 2024",Oct 2028 (Fixed),"GPO Box 1603, Melbourne VIC 3001"
Rafael Camillo,Local,Councillor,Ind.,Center,Southbank resident advocate.,Southbank Resident Advocate.,Consistent voice for Southbank noise and planning issues.,"Frequently clashes with developers, slowing city growth.",Frequently clashes with developers; slowing city growth. 1,Verified through Southbank Local News as a resident champion.,Low Risk: Resident-focused parochialism.,Independent; resident group support. 33,Standard (Registry declared).,Low: Resident-focused parochialism.,(https://www.melbourne.vic.gov.au/meetings-search),"Oct 26, 2024",Oct 2028 (Fixed),"GPO Box 1603, Melbourne VIC 3001"
Kevin Louey,Local,Councillor,Ind.,Center,Trade specialist.,Trade Specialist.,Boosted Melbourne's education and trade exports.,"Criticized for ""insider"" ties to previous administrations.","Criticized for ""insider"" ties and high international travel costs. 1",Travel costs are verified through council audit leaks; veracity high.,Moderate Risk: Lack of financial transparency in international trade roles.,"""Team Reece"" machines; trade and education donors.",Declared (Registry declared).,Moderate: Lack of financial transparency.,(https://www.melbourne.vic.gov.au/meetings-search),"Oct 26, 2024",Oct 2028 (Fixed),"GPO Box 1603, Melbourne VIC 3001"
Philip Le Liu,Local,Councillor,Ind.,Center,International engagement.,International Student Welfare.,Strong advocate for international student welfare.,Criticized for high international travel costs on council budget.,Scrutinized for high travel costs; Team Wood donation conflict. 1,Confirmed recusal in Marriner Group votes; travel data is public but debated.,Moderate Risk: Travel cost excesses; commercial donation conflicts.,Team Wood; $93k contribution; Marriner Group.,Declared (Registry declared).,Moderate: Theatre/Trade sector conflicts.,(https://www.melbourne.vic.gov.au/meetings-search),"Oct 26, 2024",Oct 2028 (Fixed),"GPO Box 1603, Melbourne VIC 3001"
Andrew Rowse,Local,Councillor,Ind.,Center,Finance expert.,Finance Expert.,Improved transparency in council financial reporting.,Focus is narrow; perceived as less engaged on social issues.,Narrow focus on financial reporting; improved transparency. 1,Professional reputation confirmed by council finance reports.,Low Risk: Narrow professional focus.,Independent; finance and business professional base. 36,Standard (Registry declared).,Low: Narrow professional capture.,(https://www.melbourne.vic.gov.au/meetings-search),"Oct 26, 2024",Oct 2028 (Fixed),"GPO Box 1603, Melbourne VIC 3001"
Mark Scott,Local,Councillor,Ind.,Center,Community activist.,Community Activist.,Instrumental in protecting city heritage and design.,Often opposes new high-density housing developments.,Opposes high-density developments; circular donation links to Team Reece. 23,Council registers verify donation flows.,Moderate Risk: Donation-related conflicts; anti-density bias.,"""Team Reece"" circular funding links. 23",Declared (Registry declared).,Moderate: Developer-aligned voting risk.,(https://www.melbourne.vic.gov.au/meetings-search),"Oct 26, 2024",Oct 2028 (Fixed),"GPO Box 1603, Melbourne VIC 3001"
Dr. Olivia Ball,Local,Councillor,Greens,Left,Human rights advocate.,Human Rights Advocate.,Pushed for converting empty buildings to social housing.,"Accused of ""ideological"" opposition to planning reforms.","Accused of ""ideological"" opposition to planning reform. 1",Strong record of social advocacy; veracity confirmed by council voting.,Low Risk: Policy paralysis via uncompromising social requirements.,Australian Greens; human rights/arts community. 23,Declared (Registry declared).,Low: Policy paralysis risk.,(https://www.melbourne.vic.gov.au/meetings-search),"Oct 26, 2024",Oct 2028 (Fixed),"GPO Box 1603, Melbourne VIC 3001"
David Davis,State,MLC (S. Metro),Liberal,Right,Parliamentary veteran.,Pharmacist; Veteran Politician.,Persistent critic of government waste and overspending.,"Apologized for ""intoxicated behavior"" at a 2022 gala.","Apologized for ""intoxicated behavior"" (2022); persistent critic of govt waste. 1",Incidents confirmed by party and public apology; oversight work is credible despite personal lapses.,Moderate Risk: Personal behavioral lapses affecting public standing.,Liberal Party VIC donor pool; business community.,Standard (VEC Registered).,Low: Party-aligned corporate interests.,(https://www.parliament.vic.gov.au/parliamentary-activity/hansard/),"Nov 1, 2006",Nov 2026 (Fixed),"4 Treasury Place, Melbourne VIC 3002"
Georgie Crozier,State,MLC (S. Metro),Liberal,Right,Shadow Health Minister.,Nurse; Health Shadow Minister.,Authored report on institutional child abuse.,Criticized for a confrontational style in health debates.,Confrontational style criticized as obstructive; strong history in child abuse advocacy. 1,"Media veracity varies; Labor-aligned media focuses on ""obstruction,"" Liberal media on ""health crisis.""",Low/Moderate Risk: Partisan bias in health policy oversight.,Liberal Party; health sector donor interests.,Standard (VEC Registered).,Low: Partisan health policy influence.,(https://www.parliament.vic.gov.au/parliamentary-activity/hansard/),"Nov 27, 2010",Nov 2026 (Fixed),"4 Treasury Place, Melbourne VIC 3002"
Nina Taylor,State,MLA for Albert Park,Labor,Left,Former lawyer; Southbank resident.,Lawyer; Teacher; Council.,Key advocate for Southbank sustainability and transport.,"Criticized for ""seat-hopping"" from Upper House to secure the seat.","Criticized for ""seat-hopping"" to secure Albert Park; Parliamentary Secretary. 1","Local Port Melbourne press is critical of ""careerism""; official records show steady govt roles.",Low/Moderate Risk: Factional careerism; reliance on party patronage.,ALP VIC; union organiser and legal network donors.,Standard (VEC Registered).,Low: Factional careerism reliance.,(https://www.parliament.vic.gov.au/parliamentary-activity/hansard/),"Nov 26, 2022",Nov 2026 (Fixed),"151 Park St, South Melbourne VIC 3205"
John Berger,State,MLC (S. Metro),Labor,Left,Former TWU official.,TWU Union Official.,Secured improved safety for Victorian transport workers.,Primarily focused on union-specific industrial issues.,Focus remains strictly on union-specific industrial issues. 1,Media coverage is limited to industrial disputes; veracity is high in that niche.,"Moderate Risk: Narrow industrial focus; potential for ""revolving door"" conflicts.",ALP; TWU (Transport Union) major support.,Standard (VEC Registered).,Moderate: Transport industry capture.,(https://www.parliament.vic.gov.au/parliamentary-activity/hansard/),"Nov 26, 2022",Nov 2026 (Fixed),"4 Treasury Place, Melbourne VIC 3002"
Ryan Batchelor,State,MLC (S. Metro),Labor,Left,Policy expert.,Policy Expert; Career Staffer.,Architect of Victorian family violence reforms.,"Critics point to his history as a ""career staffer"" only.","Labeled ""career staffer"" only; architect of family violence reforms. 1",Generally favorable coverage of policy reform work; veracity high in parliamentary records.,Low Risk: Bureaucratic insularity.,ALP Victoria branch; public service donor base.,Standard (VEC Registered).,Low: Bureaucratic machine insularity.,(https://www.parliament.vic.gov.au/parliamentary-activity/hansard/),"Nov 26, 2022",Nov 2026 (Fixed),"4 Treasury Place, Melbourne VIC 3002"
Katherine Copsey,State,MLC (S. Metro),Greens,Left,Planning lawyer.,Planning Lawyer.,"Long-term advocate for gambling and ""pokies"" reform.",Opponents claim her stances block needed urban density.,Advocate for pokies reform; stance blocks urban density. 1,"Media coverage focused on ""pokies"" success; veracity high in legislative records.",Low Risk: Policy consistency vs. urban growth.,Australian Greens; environmental legal network.,Standard (VEC Registered).,Low: Consistency vs urban growth.,(https://www.parliament.vic.gov.au/parliamentary-activity/hansard/),"Nov 26, 2022",Nov 2026 (Fixed),"206 Bay St, Brighton VIC 3186"